{
  "label_s005": {
    "i": 5,
    "score": 31.38194465637207,
    "x": 161,
    "y": 109,
    "w": 313,
    "h": 57,
    "file": "s005_313x57.png"
  },
  "label_s009": {
    "i": 9,
    "score": 48.602500915527344,
    "x": 274,
    "y": 803,
    "w": 313,
    "h": 57,
    "file": "s009_313x57.png"
  },
  "rail": {
    "i": 14,
    "score": 8.53499984741211,
    "x": 811,
    "y": 831,
    "w": 288,
    "h": 13,
    "file": "s014_288x13.png"
  },
  "knob": {
    "i": 18,
    "score": 18.925268173217773,
    "x": 745,
    "y": 817,
    "w": 47,
    "h": 46,
    "file": "s018_47x46.png"
  },
  "mute": {
    "i": 10,
    "score": 42.55555725097656,
    "x": 748,
    "y": 825,
    "w": 76,
    "h": 54,
    "file": "s010_76x54.png"
  },
  "detail": {
    "i": 11,
    "score": 40.207916259765625,
    "x": 0,
    "y": 112,
    "w": 124,
    "h": 32,
    "file": "s011_124x32.png"
  },
  "system": {
    "i": 12,
    "score": 65.57611083984375,
    "x": 51,
    "y": 812,
    "w": 138,
    "h": 37,
    "file": "s012_138x37.png"
  },
  "setting": {
    "i": 13,
    "score": 67.39749908447266,
    "x": 46,
    "y": 827,
    "w": 144,
    "h": 37,
    "file": "s013_144x37.png"
  },
  "side": {
    "i": 0,
    "score": 24.70305633544922,
    "x": 58,
    "y": 160,
    "w": 80,
    "h": 731,
    "file": "s000_80x731.png"
  },
  "check_on": {
    "i": 4,
    "score": 37.060386657714844,
    "x": 86,
    "y": 104,
    "w": 30,
    "h": 30,
    "file": "s004_30x30.png"
  },
  "check_off": {
    "i": 6,
    "score": 4.740942001342773,
    "x": 760,
    "y": 812,
    "w": 30,
    "h": 30,
    "file": "s006_30x30.png"
  }
}